Endereço Completo,Latitude,Longitude,Região
"Rua Antonio Joaquim Mendes, 471, Pirassununga - São Paulo",-21.99611,-47.42583,Pirassununga
"Rua Pascoal Santi, 328, Cabreuva - São Paulo",-23.3075,-47.13278,CABREUVA
"Rua Municipal do Jacu, S/n, Itu - São Paulo",-23.26417,-47.29917,
"Rua do Cafe, 156, Sao Paulo - São Paulo",-23.0406497,-47.0125271,
"Rua das Bandeiras, 17 a, Itapecerica da Serra - São Paulo",-23.71694,-46.84917,
"Rua Aeroporto, 514, Iguape - São Paulo",-24.70806,-47.55528,
"Rua Passo da Patria, 1651, Sao Paulo - São Paulo",-23.5235341,-46.7321923,
"Rua de Taipas, 2549, Sao Paulo - São Paulo",-23.4248896,-46.7161721,
"Rua Ayrton Senna da Silva, S/n - Km 29.5 Mg/sp, Guarulhos - São Paulo",-23.46278,-46.53333,GUARULHOS
"Rua Joao da Cruz e Sousa, 05, Sao Paulo - São Paulo",-23.597507,-46.4300981,SAO PAULO
"Rua Lino Pinto dos Santos, 22 - 26, Sao Paulo - São Paulo",-23.4962277,-46.7268044,SAO PAULO
"Rua Amaro Godinho, 964, Sao Roque - São Paulo",-23.6052592,-47.1651961,SAO ROQUE
"Rua Raimundo Pereira de Magalhaes, 2541, Sao Paulo - São Paulo",-23.5475,-46.63611,SAO PAULO
"Rua Dr Heitor Nascimento, 30, Sao Paulo - São Paulo",-23.496633,-46.7047577,SAO PAULO
"Rua Benedita Dornellas Claro, 151, Sao Paulo - São Paulo",-23.5475,-46.63611,SAO PAULO
"Rua Lucila Rocha, 30, Sao Paulo - São Paulo",-23.5034202,-46.6644538,SAO PAULO
"Avenida Raimundo Pereira De Magalhaes, 14000, Pirituba, São Paulo, São Paulo",-23.4825331,-46.7231692,São Paulo
"Avenida Fundibem, S/N, Jardim Casa Grande, Diadema, São Paulo",-23.7035411,-46.5949433,Diadema
"Rua Ribeiro De Lima, 610, Bom Retiro, São Paulo, São Paulo",-23.5312906,-46.6386411,São Paulo
"Rua Jaguariuna, 644, Distr.Industrial, Holambra, São Paulo",-22.63306,-47.05556,Holambra
"Avenida Pio Xii, 900, Jardim Porto Alegre, Capivari, São Paulo",-22.995,-47.50778,Capivari
"Rua Siqueira Campos, 1923, Centro, Pirassununga, São Paulo",-21.99611,-47.42583,Pirassununga
"Avenida Antonio Joaquim Mendes, 471, Centro, Pirassununga, São Paulo",-21.99611,-47.42583,Pirassununga
"Rua Rafael De Barros, 778, Centro, Leme, São Paulo",-22.1852455,-47.3901636,Leme
"Rua Presidente Prudente, 101, Cidade Jardim, Limeira, São Paulo",-22.56472,-47.40167,Limeira
"Avenida Doutor Adilson Rodrigues, S/N, Jd.Das Samambaias, Jundiaí, São Paulo",-23.18639,-46.88417,Jundiaí
"Rua Nancy Carlota Netto, 501, Parque Residencial Eloy Chaves, Jundiaí, São Paulo",-23.1825474,-46.9630509,Jundiaí
"Rua Rua Jundiai, 380, Jardim Primavera, Itupeva, São Paulo",-23.1548565,-47.0544653,Itupeva
"Avenida Benedito Storani, 347, Centro, Vinhedo, São Paulo",-23.0270563,-46.9783376,Vinhedo
"Avenida Maria Thereza S. De Barros Camargo, 1525, Jardim Santo Andre, Limeira, São Paulo",-23.66389,-46.53833,Santo André
"Avenida Joaquim Lopes Aguilla, 2420, Barra Funda, Leme, São Paulo",-22.18556,-47.39028,Leme
"Rua Perola, 350, Jardim Santa Esmeralda, Hortolândia, São Paulo",-22.9074245,-47.1945135,Hortolândia
"Rua Amambai, 1215, Vila Maria, São Paulo, São Paulo",-23.5177931,-46.5853263,São Paulo
"Rua Cynira Marques Cezar, 100, Sao Judas Tadeu, Santo Antônio De Posse, São Paulo",-22.6073243,-46.9072778,Santo Antônio de Posse
"Avenida Rinaldi, 1100, Res.Coracao De Jesus, Jaguariúna, São Paulo",-22.6761408,-46.9920567,Jaguariúna
"Rua Avenida Antonio Carlos Comitre, 510, Parque Campolim, Sorocaba, São Paulo",-23.52819,-47.46832,Sorocaba
"Rua Dr.Arthur Moreira De Almeida, 384, Vila Sao Jose, Pedreira, São Paulo",-22.7476542,-46.8985023,Pedreira
"Rua Nova York, 570, Brooklin Paulista, São Paulo, São Paulo",-23.5475,-46.63611,São Paulo
"Rua Marcia Pierroni, 78, Itu Novo Centro, Itu, São Paulo",-23.26417,-47.29917,Itu
"Rua Cristovao Diniz, 599, Jardim Do Estadio, Itu, São Paulo",-23.2825872,-47.2874574,Itu
"Rua Joao Leite, 39, Centro, Boituva, São Paulo",-23.2858028,-47.6746236,Boituva
"Rua Martim Francisco, 753, Vila Buarque, São Paulo, São Paulo",-23.5475,-46.63611,São Paulo
"Avenida Reboucas, 1001, Cerqueira Cesar, São Paulo, São Paulo",-23.5603809,-46.6713758,São Paulo
"Rua Voluntarios Da Patria, S/N, Santana, São Paulo, São Paulo",-23.4944879,-46.6263702,São Paulo
"Avenida Yojiro Takaoka, 4630, Alphaville - Centro De Apoio I, Santana De Parnaíba, São Paulo",-0.05833,-51.18167,Santana
"Alameda Rio Negro, 1456, Alphaville Industrial, Barueri, São Paulo",-23.51056,-46.87611,Barueri
"Avenida Angelica, 526, Santa Cecilia, São Paulo, São Paulo",-23.5374825,-46.654665,São Paulo
"Rua Turiassu, 1205, Perdizes, São Paulo, São Paulo",-23.5315747,-46.6746778,São Paulo
"Rua Canario, 390, Indianopolis, São Paulo, São Paulo",-23.5996044,-46.6653552,São Paulo
"Rua Serra De Botucatu, 1703, Tatuapé, São Paulo, São Paulo",-23.5409791,-46.5552198,São Paulo
"Avenida Professor Joao De Lorenzo, 526, Jardim Sao Jorge, São Paulo, São Paulo",-23.596056,-46.782882,São Paulo
"Rua Professora Nina Stocco, 845, Jardim Catanduva, São Paulo, São Paulo",-23.635819,-46.7592408,São Paulo
"Avenida Giovanni Gronchi, 2799, Morumbi, São Paulo, São Paulo",-23.5951062,-46.7178467,São Paulo
"Avenida Vereador José Diniz, 2329, Brooklin Paulista, São Paulo, São Paulo",-23.5475,-46.63611,São Paulo
"Rua Deputado Lacerda Franco, 553, Pinheiros, São Paulo, São Paulo",-23.5606538,-46.6928092,São Paulo
"Rua Aliança Liberal, 322, Vila Leopoldina, São Paulo, São Paulo",-23.5222368,-46.7253714,São Paulo
"Rua Domenico Ferrara, 32, Jaraguá, São Paulo, São Paulo",-23.4516587,-46.7458602,São Paulo
"Rua Edson Petri, 215, Colinas Mairipora Ii, Mairiporã, São Paulo",-23.2731589,-46.5904345,Mairiporã
"Praça Comendador Nicolau Scarpa, 80, Centro, Sorocaba, São Paulo",-23.4981851,-47.4607609,Sorocaba
"Avenida Dos Tres Poderes, 608, Res.Central Parque, Salto, São Paulo",-23.20083,-47.28694,Salto
"Avenida Sao Joao, 2555, Jardim Das Colinas, São José Dos Campos, São Paulo",-23.17944,-45.88694,São José dos Campos
"Rua Senhora Maria Aparecida Pessutti Millego, 250, Parque Campolim, Sorocaba, São Paulo",-23.52819,-47.46832,Sorocaba
"Rua Maria Cinto De Biaggi, 164,  Jardim Santa Rosalia, Sorocaba, São Paulo",-23.4901946,-47.4450244,Sorocaba
"Avenida Amador Bueno Da Veiga, 3025, Penha, São Paulo, São Paulo",-23.5218536,-46.5170071,São Paulo
"Avenida Professor Francisco Morato, 3030, Butanta, São Paulo, São Paulo",-23.5769521,-46.7078899,São Paulo
"Rua Miguel  Rodrigues, 112, Vila Beatriz, São Paulo, São Paulo",-23.5495916,-46.6980264,São Paulo
"Rua Amador Bueno, 229, Santo Amaro, São Paulo, São Paulo",-23.6531847,-46.7102133,São Paulo
"Avenida Pereira Barreto, 42, Paraiso, Santo André, São Paulo",-23.6695869,-46.5340595,Santo André
"Avenida Doutor Joao Batista Soares De Queiroz Ju, 398, Jardim Das Industrias, São José Dos Campos, São Paulo",-21.48028,-56.13806,Jardim
"Praça Comandante Eduardo De Oliveira, 126, Parque Edu Chaves, São Paulo, São Paulo",-23.4771251,-46.5638035,São Paulo
"Rua Jose Vieira Guimaraes, 130, Jardim Santa Teresinha, São Paulo, São Paulo",-23.5233272,-46.4251563,São Paulo
"Rua Silvio Lazzari, 31, Vila Gustavo, São Paulo, São Paulo",-23.4870492,-46.5990058,São Paulo
"Avenida Santa Monica, 690, Jardim Santa Monica, São Paulo, São Paulo",-23.4762246,-46.7478914,São Paulo
"Avenida Atalaia Do Norte, 527, Jardim Cumbica (Jardim Preside, Guarulhos, São Paulo",-23.4525325,-46.4413987,Guarulhos
"Avenida Braz Leme, 2040, Santana, São Paulo, São Paulo",-23.5048653,-46.6409346,São Paulo
"Avenida Dr Gastao Vidigal, 1946, Vl Leopoldina, São Paulo, São Paulo",-23.536284,-46.7376947,São Paulo
"Rua Professor Atilio Innocenti, 29, Vila Nova Conceição, São Paulo, São Paulo",-23.70114,-48.10404,Itapetininga
"Rua Doutor Joao Ribeiro, 304, Penha De Franca, São Paulo, São Paulo",-23.5251778,-46.5467519,São Paulo
"Avenida Autonomistas, Dos, 1400, Vila Yara, Osasco, São Paulo",-23.5389781,-46.7653358,Osasco
"Avenida Iguatemi, 777, Vila Brandina, Campinas, São Paulo",-22.8924024,-47.0272094,Campinas
"Rua Domingos De Morais, 2564, Vila Mariana, São Paulo, São Paulo",-23.5990047,-46.6369432,São Paulo
"Rua José Getulio, 142, Liberdade, São Paulo, São Paulo",-23.5672233,-46.6360806,São Paulo
"Avenida Rinaldi, 549, Jd Sylvio Rinaldi I, Jaguariúna, São Paulo",-22.6830969,-46.9918713,Jaguariúna
"Rua Doutor Luiz Mendes De Almeida, 663, Vila Espirito Santo, Sorocaba, São Paulo",-23.50167,-47.45806,Sorocaba
"Avenida Inacio Cunha Leme, 301, Jardim Suzana, São Paulo, São Paulo",-23.5475,-46.63611,São Paulo
"Rua Cambuci Do Vale, 52, Cidade Dutra, São Paulo, São Paulo",-23.7142184,-46.7019877,São Paulo
"Avenida Pompeia, 1115, Vila Pompéia, São Paulo, São Paulo",-23.5339352,-46.6874622,São Paulo
"Estrada Henrique Rosa, 670, Finco (Jd Tupa), São Bernardo Do Campo, São Paulo",-23.69389,-46.565,São Bernardo do Campo
"Rua Municipal, 349, Centro, São Bernardo Do Campo, São Paulo",-23.7112629,-46.5474498,São Bernardo do Campo
"Rua Santa Bernadete, 344, Canhema, Diadema, São Paulo",-23.6728106,-46.6037944,Diadema
"Estrada Cel.Jose Gladiador, 22, Jardim Canaã, São Paulo, São Paulo",-21.76806,-50.77167,Parapuã
"Rua Um, 510, Parque Do Horto, Hortolândia, São Paulo",-22.8535255,-47.1982364,Hortolândia
"Avenida Arnaldo Biagiolli, 151, Pinheirinho, Vinhedo, São Paulo",-23.02972,-46.97528,Vinhedo
"Rua Santa Cruz (Jd.Santa Rosa), 500, Santa Rosa, Vinhedo, São Paulo",-23.02972,-46.97528,Vinhedo
"Rodovia Presidente Castelo Branco Km 33, Sn, Itaqui, Itapevi, São Paulo",-23.54889,-46.93417,Itapevi
"Avenida Paulista, 854, Bela Vista, São Paulo, São Paulo",-23.5658304,-46.6508381,São Paulo
"Avenida Das Letras, 659, Lot. Villa Branca, Jacareí, São Paulo",-23.2639515,-45.9453678,Jacareí
"Avenida Samuel Martins, 1979, Jardim Do Lago, Jundiaí, São Paulo",-23.2082009,-46.8664534,Jundiaí
"Avenida 68, 356, Jd Cidade Azul, Rio Claro, São Paulo",-22.3869334,-47.5792418,Rio Claro
"Avenida Maria Cavalcante Da Silva, 538, Jardim Samambaia, Praia Grande, São Paulo",-24.00583,-46.40278,Praia Grande
"Rua Duque De Caxias, 21, Campo Grande, Santos, São Paulo",-23.9599623,-46.3415268,Santos
"Avenida Nove De Julho, 3333, Anhangabau, Jundiaí, São Paulo",-23.1994672,-46.8896937,Jundiaí
"Rua Iolanda Latorre Cascaldi, 40, Loteamento Parque Dos Canarios, Itatiba, São Paulo",-23.00583,-46.83889,Itatiba
"Rua Doutor Eugenio Da Fonseca, 383, Jardim Aeroporto I, Itu, São Paulo",-23.26417,-47.29917,Itu
"Rua Fernando Silva, 110, Jd Astro, Sorocaba, São Paulo",-23.50167,-47.45806,Sorocaba
"Avenida Benedito Storani, 762, Residencial Aquario, Vinhedo, São Paulo",-23.02972,-46.97528,Vinhedo
"Rua A Esquina Com Alameda Alice, 127, Jardim Convenção, Itu, São Paulo",-23.26417,-47.29917,Itu
"Rua Paes De Linhares, 311, Vila Fiori, Sorocaba, São Paulo",-23.50167,-47.45806,Sorocaba
"Rua Das Gardenias, 223, Parque Cecap, Valinhos, São Paulo",-22.949446,-46.9813763,Valinhos
"Avenida Moreira Cesar, 308, Vila Grandino, Sorocaba, São Paulo",-23.5049803,-47.4635694,Sorocaba
"Avenida Eid Mansur, 18, Parque São George, Cotia, São Paulo",-23.5959976,-46.8511558,Cotia
"Rua Gomes De Carvalho, 1614, Vila Olímpia, São Paulo, São Paulo",-23.5950063,-46.6896149,São Paulo
"Rua Estado Da Bahia, 261, São Pedro São Paulo, Salto, São Paulo",-23.2053331,-47.3080198,Salto
"Praça Da Independencia, 218, Centro, Itu, São Paulo",-23.2657287,-47.2974244,Itu
"Rua Cachoeira Dourada, 130, Jardim Maria Estela, São Paulo, São Paulo",-23.5475,-46.63611,São Paulo
"Rua Pedro Gutierrez, 228, Jd.Primavera, Várzea Paulista, São Paulo",-23.2104667,-46.8400222,Várzea Paulista
"Avenida Capitão Julio Franco, 390, Rocio, Iguape, São Paulo",-24.70806,-47.55528,Iguape
"Rua Do Cruzeiro, 37, Centro, Tatuí, São Paulo",-23.3511231,-47.8440633,Tatuí
"Rua Jose Do Carmo Leite, 104, Centro, Caieiras, São Paulo",-23.36417,-46.74056,Caieiras
"Rua Otelo Zeloni, 32, Parque Belem, São Paulo, São Paulo",-23.565879,-46.8650012,Carapicuíba
"Rua Aparecida Do Taboado, 208, Jardim Paulistano, São Paulo, São Paulo",-23.5475,-46.63611,São Paulo
"Avenida Fernando Costa, 2143, Parafuso, Cajati, São Paulo",-24.7285814,-48.1171308,Cajati
"Rua Indiara, 375, Jd.Ana Maria, Cajati, São Paulo",-24.7404227,-48.121226,Cajati
"Avenida Mazzei, 1160, Vila Mazzei, São Paulo, São Paulo",-23.4723641,-46.5997586,São Paulo
"Avenida Ipanema, 1338, Jd. Novo Horizonte, Sorocaba, São Paulo",-23.50167,-47.45806,Sorocaba
"Rua Alencar Araripe, 1435, Sacoma, São Paulo, São Paulo",-23.6130408,-46.5972138,São Paulo
"Rua Jose Carlos Ferrari, 79, Residencial Santa Maria, Valinhos, São Paulo",-22.9430217,-46.9981697,Valinhos
"Rua Da Padroeira, 298, Centro, Jundiaí, São Paulo",-23.18639,-46.88417,Jundiaí
"Avenida Saburo Akamine, 1125, Jardim Matheus Maniero, Rio Claro, São Paulo",-22.3980124,-47.5936443,Rio Claro
"Rodovia Constante Peruchi, 677, Bairro Do Cascalho, Cordeirópolis, São Paulo",-22.48194,-47.45667,Cordeirópolis
"Rua Martim Afonso, 210, Jardim Piratininga, Osasco, São Paulo",-23.5198227,-46.7936859,Osasco
"Avenida Yojiro Takaoka, 4492, Alphaville, Santana De Parnaíba, São Paulo",-23.4678426,-46.8707308,Santana de Parnaíba
"Avenida Vereador Jose Donato, 1385, Vilarejo, Cabreúva, São Paulo",-23.275325,-47.0495177,Cabreúva
"Avenida Drº Epitacio Pessoa, 241, Embaré, Santos, São Paulo",-23.96083,-46.33361,Santos
"Avenida Goncalo Monteiro, 625, Cibratel Ii, Itanhaém, São Paulo",-24.2026378,-46.835336,Itanhaém
"Rua Sao Paulo, 120, Nova Vinhedo, Vinhedo, São Paulo",-23.021575,-46.9864998,Vinhedo
"Rodovia Dom Pedro I - Sp 065, S/N, Centro, Jarinu, São Paulo",-23.10139,-46.72833,Jarinu
"Rodovia Fernao Dias Km 41,50, S/N, Jardim Do Alvinopolis, Atibaia, São Paulo",-23.11694,-46.55028,Atibaia
"Avenida Dr Alipio Ferreira, 490, Catigua, Piracaia, São Paulo",-23.05389,-46.35806,Piracaia
"Rua Sao Judas Tadeu, S/N, Capoavinha, Mairiporã, São Paulo",-23.31861,-46.58667,Mairiporã
"Rua Brasil, 171, Atibaia Jardim, Atibaia, São Paulo",-23.1209541,-46.5575287,Atibaia
"Rua Frei Caneca, 569, Consolacao, São Paulo, São Paulo",-23.5541787,-46.6524022,São Paulo
"Rua Thomaz Jasso, 480, Jd.Dona Irma, Jaguariúna, São Paulo",-22.70556,-46.98583,Jaguariúna
"Rua Vereador Gumercindo Fernandes Pereira, 1030, Jardim Parque Industrial, Santa Gertrudes, São Paulo",-22.4466094,-47.5455028,Santa Gertrudes
"Rua Dr Lucio Malta, 315, Centro, Jacareí, São Paulo",-23.3038095,-45.9691587,Jacareí
"Avenida Ivo Mario Isaac Pires, 10/1,  Das Pedras, Cotia, São Paulo",-23.6277066,-46.9854168,Cotia
"Rua Cana Verde, 110, Jardim Silvestre, Itaquaquecetuba, São Paulo",-23.48611,-46.34833,Itaquaquecetuba
"Avenida Bento Figueredo, 275, Vila Marlene, Jundiaí, São Paulo",-23.18639,-46.88417,Jundiaí
"Rua Doutor Alberto Gallo, 226, Cidade Universitaria Ii, Campinas, São Paulo",-22.90556,-47.06083,Campinas
"Alameda Terracota, 545, Ceramica, São Caetano Do Sul, São Paulo",-23.626508,-46.5807647,São Caetano do Sul
"Avenida Parada Pinto, 2262, Vila Nova Cachoeirinha, São Paulo, São Paulo",-23.47337,-46.6669789,São Paulo
"Avenida Roland Garros, 1765, Jd.Brasil, São Paulo, São Paulo",-23.4756552,-46.5718114,São Paulo
"Rua Roseira, 35, Parque Recanto Monica, Mogi Das Cruzes, São Paulo",-23.52278,-46.18833,Mogi das Cruzes
"Rua Edmilson Rodrigues Marcelino, 976, Cidade Miguel Brada, Suzano, São Paulo",-23.5425,-46.31083,Suzano
"Avenida Jardim Japao, 1284, Jardim Brasil, São Paulo, São Paulo",-23.4793728,-46.5819262,São Paulo
"Rua Capitão Mor Passos, 228, Pari, São Paulo, São Paulo",-23.527587,-46.6153585,São Paulo
"Rua Libero Badaro, 480, Centro, São Paulo, São Paulo",-21.2639265,-48.5110736,Monte Alto
"Avenida Antonio Segre, 504, Ponte De Campinas, Jundiaí, São Paulo",-23.1766107,-46.8982122,Jundiaí
"Avenida Dos Costas, 1801, Jardim Residencial Das Palmeir, Rio Claro, São Paulo",-22.4357046,-47.5822843,Rio Claro
"Rua Itajuibe, 1168, Jd. Nelia, São Paulo, São Paulo",-23.4331119,-46.4277298,Guarulhos
"Rua Joao Mariano Ferreira, 164, Centro, Itanhaém, São Paulo",-24.18306,-46.78889,Itanhaém
"Rua Bandeirantes, 605, João B.Julião, Guarujá, São Paulo",-23.9830219,-46.2060406,Guarujá
"Avenida Clara Gianotti De Souza, 560, Centro, Registro, São Paulo",-24.4948657,-47.8450486,Registro
"Rua Herculano Ricardo, 685, Jd.Aparecida, Sete Barras, São Paulo",-24.3821915,-47.9244964,Sete Barras
"Rua Votorantim, 311, Barcelona, São Caetano Do Sul, São Paulo",-23.6191958,-46.5520096,São Caetano do Sul
"Estrada Governo, Do, S/N, Pouso Alegre, Franco Da Rocha, São Paulo",-23.3344663,-46.7254136,Franco da Rocha
"Rua Do Retiro, 2235, Vila Das Hortencias, Jundiaí, São Paulo",-23.1793859,-46.9074326,Jundiaí
"Rua Cidade De Sao Sebastiao, 201, Jardim Wallace Simonsen, São Bernardo Do Campo, São Paulo",-23.709775,-46.5395554,São Bernardo do Campo
"Rua Major Murzilho, 96, Centro, Bom Jesus Dos Perdões, São Paulo",-23.135,-46.46528,Bom Jesus dos Perdões
"Estrada Municipal Da Capela, S/N, Vista Alegre, Vinhedo, São Paulo",-23.02972,-46.97528,Vinhedo
"Avenida Onze De Junho, 744, Vila Clementino, São Paulo, São Paulo",-23.5475,-46.63611,São Paulo
"Rua Angelo Airoldi, 167, Jardim Centenario, Jandira, São Paulo",-23.5275,-46.9025,Jandira
"Estrada Municipal Do Caputera, 333, Ressaca, Cotia, São Paulo",-23.60389,-46.91917,Cotia
"Rua Pernambuco, 18, Vila Sanches, Juquiá, São Paulo",-24.3152139,-47.6323946,Juquiá
"Rua Chile, 250, Jd.Cardoso De Freitas, Cajati, São Paulo",-24.7204053,-48.0979843,Cajati
"Rua Caiubi, 433, Jardim Pilar, Santo André, São Paulo",-23.6844381,-46.5392872,Santo André
"Rodovia Ayrton Senna Da Silva, Sn, Jardim Maria Eliza, Itaquaquecetuba, São Paulo",-23.48611,-46.34833,Itaquaquecetuba
"Avenida Eliseo Cordeiro De Siqueira, 961/963, Jardim Santo Elias, São Paulo, São Paulo",-7.76667,-72.6,Cruzeiro do Sul
"Rua Antonio Furquim, 220, Jacare, Cabreúva, São Paulo",-23.2460826,-47.0575519,Cabreúva
"Rua Manoel Jose De Carvalho, 155, Jardim Santa Gertrudes, Jundiaí, São Paulo",-23.2528178,-46.8532603,Jundiaí
"Rua Nestor Pestana, 40, Consolação, São Paulo, São Paulo",-23.55242,-46.65735,São Paulo
"Avenida Armando Ferrentini, 406, Aclimação, São Paulo, São Paulo",-23.5746722,-46.6351096,São Paulo
"Rua João Teodoro, 842, Brás, São Paulo, São Paulo",-23.5345723,-46.6244535,São Paulo
"Rua Do Retiro, 2173, Vila Viotto, Jundiaí, São Paulo",-23.1827765,-46.9008306,Jundiaí
"Rua Presidente Arthur Da Costa E Silva, 453, Parque São Vicente, Mauá, São Paulo",-22.7321,-43.36924,Belford Roxo
"Rodovia Mario Tonoli, 177, Est.Hidro Mineral Santa Eliza, Itupeva, São Paulo",-23.15306,-47.05778,Itupeva
"Rua Teodoro Sampaio, 473, Pinheiros, São Paulo, São Paulo",-23.5562987,-46.6752444,São Paulo
"Rua Dr. Ulpiano Da Costa Manso, 151, Butantã, São Paulo, São Paulo",-23.57374,-46.71936,São Paulo
"Rua Guaricanga, 321, Lapa, São Paulo, São Paulo",-23.5227167,-46.7104308,São Paulo
"Rua Dos Fundadores, 463, Praia Do Sonho, Itanhaém, São Paulo",-24.18306,-46.78889,Itanhaém
"Avenida Marcolino Xavier De Carvalho, 313, Cidade Nautica, São Vicente, São Paulo",-23.9430138,-46.417987,São Vicente
"Rua Prof. Otavio Rocha, 151, Jardim Triunfo, Pedreira, São Paulo",-22.74194,-46.90139,Pedreira
"Rua Gastao De Souxa Oliveira, 422, Quietude, Praia Grande, São Paulo",-24.00583,-46.40278,Praia Grande
"Rua Rio Branco, 960, Centro, Registro, São Paulo",-24.498679,-47.8526184,Registro
"Rua Quarto, 119, Jardim Dos Prados, Peruíbe, São Paulo",-24.32,-46.99833,Peruíbe
"Avenida Independencia, 1136, Rocio, Cananéia, São Paulo",-25.0069457,-47.9313292,Cananéia
"Estrada Luiz Marson, 381, Batistini, São Bernardo Do Campo, São Paulo",-23.7485643,-46.5826605,São Bernardo do Campo
"Avenida Satelite, 559 A, Cidade Satelite (São Mateus), São Paulo, São Paulo",-23.60583,-46.47889,São Paulo
"Avenida Prefeito Prestes Maia, 20, Esplanada Dos Barreiros, São Vicente, São Paulo",-23.96306,-46.39194,São Vicente
"Avenida Rosa Belmiro Ramos, 92, Ortizes, Valinhos, São Paulo",-22.9780597,-46.9888118,Valinhos
"Rua Ibirapuera, 20, Parque Jurema, Guarulhos, São Paulo",-23.4465622,-46.4110879,Guarulhos
"Rua Salustino Gregoriano Leite, 142, Vila Florindo, Juquiá, São Paulo",-24.32083,-47.63472,Juquiá
"Rua Amaro J Andrade, 428, Jd.Maria Paulina, Boituva, São Paulo",-23.28333,-47.67222,Boituva
"Rua Alagoinha, 998, Jardim Mutinga, Barueri, São Paulo",-23.5055776,-46.8092969,Osasco
"Rua Manaus, 395, Rochdale, Osasco, São Paulo",-23.5049491,-46.7769148,Osasco
"Avenida Cachoeira, 125, Vl. Pindorama, Barueri, São Paulo",-23.4928532,-46.880312,Barueri
"Rua Presidente Castelo Branco, 174, Jardim Sorocabano, Jandira, São Paulo",-23.5359134,-46.9038554,Jandira
"Avenida Eng.Soares De Camargo, 349, Jardim Hercilia, São Paulo, São Paulo",-23.5399002,-46.5029158,São Paulo
"Rua Osvaldo Cocrane, 60, Embaré, Santos, São Paulo",-23.96083,-46.33361,Santos
"Rua Marechal Deodoro Da Fonseca, 240, Centro, Cabreúva, São Paulo",-23.3069129,-47.1334429,Cabreúva
"Rua Sao Lucas Evangelista, 236, Jardim Cibele, Carapicuíba, São Paulo",-23.52272,-46.835,Carapicuíba
"Rua Hebert De Souza - Betinho, 112, Portal D'Oeste, Osasco, São Paulo",-23.5325,-46.79167,Osasco
"Rua Dronsfield, 47, Lapa, São Paulo, São Paulo",-23.5187703,-46.7053525,São Paulo
"Rua Professor Jose Azevedo Minhoto, 378, Vila Quitauna (Km18), Osasco, São Paulo",-23.5298717,-46.7942864,Osasco
"Rua Barcelona, 414, Jaguaré, São Paulo, São Paulo",-23.5440225,-46.7487484,São Paulo
"Rua Rafael Dias Costa, 140, Dona Catarina, São Roque, São Paulo",-23.4214027,-47.1647888,São Roque
"Avenida Paschoal Santi, 957, Vilarejo, Cabreúva, São Paulo",-23.2828843,-47.0587768,Cabreúva
"Rua Josefa Alves Siqueira, 5891, Jardim Anhanguera, Praia Grande, São Paulo",-24.00583,-46.40278,Praia Grande
"Avenida Flora, 829, Jardim Jaguaribe, Osasco, São Paulo",-23.5613402,-46.79033,Osasco
"Rua Marina, 1081, Centro, Mongaguá, São Paulo",-24.09306,-46.62083,Mongaguá
"Avenida Nossa Senhora De Fatima, 430, Agenor De Campos, Mongaguá, São Paulo",-24.127765,-46.6898597,Mongaguá
"Rua Guilherme Raposo De Almeida, 373, Cidade Nautica, São Vicente, São Paulo",-23.96306,-46.39194,São Vicente
"Avenida Vereador Alvaro Guimaraes, 148, Radio Clube, Santos, São Paulo",-23.96083,-46.33361,Santos
"Avenida Martins Fontes, 1101, Vila Nova, Cubatão, São Paulo",-23.895,-46.42528,Cubatão
"Avenida Santos Dumont, 1503, Sitio Paecara (Vicente De Carv, Guarujá, São Paulo",-23.9540438,-46.2912372,Guarujá
"Avenida Anchieta, 2300, Albatroz, Bertioga, São Paulo",-23.8376018,-46.1298621,Bertioga
"Rua Afonso Chaves, 1083, Cidade Ocian, Praia Grande, São Paulo",-24.00583,-46.40278,Praia Grande
"Rua Julio Prestes, 1055, Centro, Sete Barras, São Paulo",-24.3840612,-47.9284094,Sete Barras
"Rua Itapeva, 142, Bela Vista, São Paulo, São Paulo",-23.5582442,-46.6508379,São Paulo
"Avenida Luciano De Bona, 2027, Vila Romar, Peruíbe, São Paulo",-24.2936254,-46.9770747,Peruíbe
"Rua Antonio Candido Da Silva, 57, Vila Sonia, Praia Grande, São Paulo",-23.9999472,-46.4461932,Praia Grande
"Avenida Aprovada 294, 775, Boraceia, Bertioga, São Paulo",-23.85444,-46.13861,Bertioga
"Avenida Joaquim Jorge Peralta, 166, Parque Sao Luis, Cubatão, São Paulo",-23.895,-46.42528,Cubatão
"Avenida Dos Caicaras, 1682, Jardim Las Palmas, Guarujá, São Paulo",-23.9999291,-46.273905,Guarujá
"Rua Benedita Custodio, 175, Samambaia, Praia Grande, São Paulo",-24.0329352,-46.5216928,Praia Grande
"Avenida Santista, 833, Morro De Nova Cintra, Santos, São Paulo",-23.9458312,-46.3552528,Santos
"Rua Soldado Constitucionalista, 54, Jardim Soares, Itapira, São Paulo",-22.43611,-46.82167,Itapira
"Rua Corrientes, 14, Lapa, São Paulo, São Paulo",-23.5220098,-46.7114385,São Paulo
"Rua Carlos Oliveira Rodrigues, 101, Jardim Josane, Sorocaba, São Paulo",-23.4520305,-47.3701706,Sorocaba
"Estrada Do Cascalho, 415, Boicucanga, São Sebastião, São Paulo",-23.7787604,-45.6145048,São Sebastião
"Rua Frei Gaspar, 2000, Parque Sao Vicente, São Vicente, São Paulo",-23.9653414,-46.3869609,São Vicente
"Avenida Ana Costa, 364, Gonzaga, Santos, São Paulo",-23.9591554,-46.3319094,Santos
"Avenida Andre Luis, 723, Picanco, Guarulhos, São Paulo",-23.4390401,-46.5454237,Guarulhos
"Rua Martinho De Campos, 433, Vila Anastacio, São Paulo, São Paulo",-23.515852,-46.7207453,São Paulo
"Rua Guerino Furlan, 366, Colinas De Sao Jose, Louveira, São Paulo",-23.100585,-46.9781594,Louveira
"Avenida Itaquera, 2226, V.S.Maria, São Paulo, São Paulo",-23.5542277,-46.4832701,São Paulo
"Rua Dr Emilio Martins Ribeiro, 141, Centro, Miracatu, São Paulo",-24.28139,-47.45972,Miracatu
"Avenida Tancredo Neves, 1041, Cachoeira, Guarujá, São Paulo",-23.99306,-46.25639,Guarujá
"Rua Nicaragua, 307, N Europa, Campinas, São Paulo",-22.932135,-47.0672406,Campinas
"Rodovia Ayrton Senna Da Silva, Sn, Vila Anny, Guarulhos, São Paulo",-23.46278,-46.53333,GUARULHOS
"Rua Parapua, 832, Itaberaba, São Paulo, São Paulo",-23.5475,-46.63611,São Paulo
"Rua Juan Vicente, 42, Bandeiras, Osasco, São Paulo",-23.559865,-46.8166755,Osasco
"Rua Constancio Colalilo, 630, Vila Augusta, Guarulhos, São Paulo",-23.4830382,-46.539254,Guarulhos
"Avenida Salgado Filho, 1536, Centro, Guarulhos, São Paulo",-23.4598137,-46.5328666,Guarulhos
"Rua Haddock Lobo, 328, Cerqueira Cesar, São Paulo, São Paulo",-23.5620377,-46.6659896,São Paulo
"Rua Senador Flaquer, 294, São José, São Caetano Do Sul, São Paulo",-23.6340594,-46.5752863,São Caetano do Sul
"Rua Julia Lopes De Almeida, 288, Vila Pauliceia, São Paulo, São Paulo",-23.4883423,-46.6142367,São Paulo
"Rua Caiowaa, 1759, Sumaré, São Paulo, São Paulo",-22.82194,-47.26694,Sumaré
"Rua Mmdc, 546, Pauliceia, São Bernardo Do Campo, São Paulo",-23.6747014,-46.5915321,São Bernardo do Campo
"Rua Rosalvo José Da Silva, 23-B, Jardim Carumbé, São Paulo, São Paulo",-22.0,-49.0,Iacanga
"Avenida Gisele Constantino, 1870, Parque Bela Vista, Votorantim, São Paulo",-23.5410259,-47.4665175,Votorantim
"Estrada Fernando Nobre, 283/487, Parque Rincao, Cotia, São Paulo",-23.60389,-46.91917,Cotia
"Rua Matheus Grou, 159, Pinheiros, São Paulo, São Paulo",-23.56729,-46.69232,São Paulo
"Rua Kahei Nakamura, 308, Jardim Miracatu, Miracatu, São Paulo",-24.28139,-47.45972,Miracatu
"Avenida Afonso Pena, 622, Aparecida, Santos, São Paulo",-23.9715042,-46.3023726,Santos
"Rua Hamleto Menquini, 41, Parque Res.Potiguara, Itu, São Paulo",-23.26417,-47.29917,Itu
"Avenida Otto Baumgart, 500, Vila Guilherme, São Paulo, São Paulo",-23.5174969,-46.6149398,São Paulo
"Estrada Municipal Valencio Callegari, 2002, .., Sumaré, São Paulo",-22.82194,-47.26694,Sumaré
"Rua Luis Vaz De Camoes, 177, Cumbica, Guarulhos, São Paulo",-23.46667,-46.46667,Guarulhos
"Avenida Doutor Moura Ribeiro, 116, Marape, Santos, São Paulo",-23.9606757,-46.3462848,Santos
"Rua Joao Felizardo, 477, Vila Antunes, Cajati, São Paulo",-24.7333484,-48.1094422,Cajati
"Rua Andradina, 178, Cidade Nova I, Itu, São Paulo",-23.26417,-47.29917,Itu
"Avenida Antonio Steck, 129, Sagrado Coracao De Jesus, Louveira, São Paulo",-23.08639,-46.95056,Louveira
"Avenida Major Antonio Da Silveira Camargo, 148, Centro, Cabreúva, São Paulo",-23.3086055,-47.1295799,Cabreúva
"Rua Viriato Correia, 70, Jardim Do Lago, Jundiaí, São Paulo",-23.2215932,-46.8624959,Jundiaí
"Rua Alexandrina Mathias De Oliveira, 77, Parque Das Hortensias, Itupeva, São Paulo",-23.15306,-47.05778,Itupeva
"Rua Domingos De Morais, 1999, Vila Mariana, São Paulo, São Paulo",-23.593603,-46.6360456,São Paulo
"Rua Antonio Ovidio Rodrigues, 1389, Pq Industrial Jundiai Ii, Jundiaí, São Paulo",-23.1557772,-47.0198521,Jundiaí
"Avenida Vasco Massafeli, 1010, Jardim Maria Tereza, Cotia, São Paulo",-23.60389,-46.91917,Cotia
"Rua Alexandre Martins, 125, Aparecida, Santos, São Paulo",-23.9706908,-46.3055,Santos
"Avenida Guilherme Cotching, 1746, Vila Maria, São Paulo, São Paulo",-23.5147153,-46.5866614,São Paulo
"Rua Cora Coralina, 195, Anhanguera, Praia Grande, São Paulo",-24.0199067,-46.4894587,Praia Grande
"Rodovia Regis Bitencourt Km 293,5, S/N, Potupeva, Itapecerica Da Serra, São Paulo",-23.71694,-46.84917,Itapecerica da Serra
"Avenida Antonio Louzada Antunes, 205, Jardim Pedro Jose Nunes, São Paulo, São Paulo",-23.5021947,-46.4645312,São Paulo
"Rua Coapa, 109, Jardim Leonor, Cotia, São Paulo",-23.6100182,-46.9327154,Cotia
"Avenida Senador Flaquer, 862, Vila Euclides, São Bernardo Do Campo, São Paulo",-23.6927638,-46.5586558,São Bernardo do Campo
"Rua Lazara De Oliveira Leite, 371, Demarchi, São Bernardo Do Campo, São Paulo",-23.7284559,-46.5582636,São Bernardo do Campo
"Avenida Wenceslau Braz, 640, Vila Popular, Itapetininga, São Paulo",-23.563419,-48.0152876,Itapetininga
"Rua Ary De Almeida, 71, Cambui, Itapetininga, São Paulo",-23.59167,-48.05306,Itapetininga
"Rua Martim Francisco, 723, Santa Cecília, São Paulo, São Paulo",-23.5429535,-46.6545662,São Paulo
"Rua Herbart, 47, Lapa, São Paulo, São Paulo",-23.5197686,-46.7014124,São Paulo
"Avenida Aricanduva, 5555, Vila Matilde, São Paulo, São Paulo",-23.5659937,-46.504011,São Paulo
"Rua Fernando Fonseca Kvint, 40, Terra Preta, Mairiporã, São Paulo",-23.24389,-46.55222,Mairiporã
"Avenida Dona Gertrudes, 1127, Alvinopolis, Atibaia, São Paulo",-23.118095,-46.5690266,Atibaia
"Rua Professor Toledo, 194, Centro, Araçoiaba Da Serra, São Paulo",-23.5050525,-47.6182181,Araçoiaba da Serra
"Avenida Pref. Jose Lozano Araujo, 1110, Centro, Paulínia, São Paulo",-22.76111,-47.15417,Paulínia
"Rua Regente Feijo, 166, Vila Sao Francisco, Mauá, São Paulo",-23.6726791,-46.4503303,Mauá
"Rua Das Barreiras, 63, Camburi, São Sebastião, São Paulo",-23.7696947,-45.6553428,São Sebastião
"Avenida Jabaquara, 2592, Planalto Paulista, São Paulo, São Paulo",-23.5475,-46.63611,São Paulo
"Rua Alfredo Carlos Sao Jose, 47, Jd Europa, Itupeva, São Paulo",-23.15306,-47.05778,Itupeva
"Praça Benedito Martins Da Cruz, 20, Centro, Cajamar, São Paulo",-23.35611,-46.87694,Cajamar
"Rua Minas Gerais, 300, Vila Boa Vista, Barueri, São Paulo",-23.5011283,-46.8754334,Barueri
"Avenida Carlos Liviero, 942, Vila Liviero, São Paulo, São Paulo",-23.6441482,-46.5916661,São Paulo
"Rua Do Conhecimento, 1233, Melvi, Praia Grande, São Paulo",-24.0347778,-46.5302849,Praia Grande
"Rua Br De Ladario, 670, Braz, São Paulo, São Paulo",-23.55,-46.61667,São Paulo
"Avenida Dr. Francisco Ranieri, 834, Lauzane Pta., São Paulo, São Paulo",-23.476523,-46.6450418,São Paulo
"Rua Dom Vilares, 1700, Vila Das Merces, São Paulo, São Paulo",-23.6252244,-46.611855,São Paulo
"Avenida Vinicius De Moraes, 143, Vila Sao Paulo, Ferraz De Vasconcelos, São Paulo",-23.5578807,-46.3669865,Ferraz de Vasconcelos
"Rua Carolus-Duran, 346, Vila Gilda, São Paulo, São Paulo",-23.5475,-46.63611,São Paulo
"Rua Djalma Dutra, 266, Luz, São Paulo, São Paulo",-23.5337193,-46.6286408,São Paulo
"Avenida Joao Paulo Ablas, 45, Jardim Da Glória, Cotia, São Paulo",-23.5977232,-46.8415226,Cotia
"Avenida Tucuruvi, 248, Tucuruvi, São Paulo, São Paulo",-23.4787794,-46.6088101,São Paulo
"Avenida Coronel Sezefredo Fagundes, 4800, Tucuruvi, São Paulo, São Paulo",-23.4760075,-46.6092907,São Paulo
"Rua Santa Erotildes, 80, Vila Dos Remedios, Osasco, São Paulo",-23.5205292,-46.7534175,Osasco
"Rua Santa Clara, 175, Residencial Santo Antonio, Itupeva, São Paulo",-23.1624922,-47.0454896,Itupeva
"Avenida Onze De Agosto, 256, Jd. Zaira, Guarulhos, São Paulo",-23.4644112,-46.5364085,Guarulhos
"Rua Luis Gois, 1877, Mirandopolis, São Paulo, São Paulo",-23.6040646,-46.6460655,São Paulo
"Avenida Andromeda, 2811, Jardim Satelite, São José Dos Campos, São Paulo",-23.219906,-45.8914207,São José dos Campos
"Rua Antonio Joaquim Leme, 02, Vila Prudente De Moraes, Itu, São Paulo",-23.285001,-47.2893848,Itu
"Rua Prefeito Jose Carlos, 962, Jd Santa Julia, Itupeva, São Paulo",-23.1553979,-47.046005,Itupeva
"Rua Campina Grande Do Sul, 237, Jardim Centenario, Guarulhos, São Paulo",-23.46278,-46.53333,GUARULHOS
"Estrada Dom Joao Neri, 2416, Jardim Bartira, São Paulo, São Paulo",-23.5475,-46.63611,São Paulo
"Rua Santa Etelvina, 10, Jardim Santa Teresinha, São Paulo, São Paulo",-23.5250364,-46.4286611,São Paulo
"Rua Geronimo Barbosa Da Silva, 1624, Jardim Nazareth, São Paulo, São Paulo",-23.18111,-46.395,Nazaré Paulista
"Avenida Walter Engracia De Oliveira, 39, Estancia Lynce, Atibaia, São Paulo",-23.1248363,-46.5514725,Atibaia
"Rua 21 De Abril, 470, Centro, Bom Jesus Dos Perdões, São Paulo",-23.135,-46.46528,Bom Jesus dos Perdões
"Avenida Dr.Alipio Ferreira, 676, Centro, Piracaia, São Paulo",-23.0538678,-46.3498227,Piracaia
"Rua Agostinho De Paiva, 529, C Redondo, São Paulo, São Paulo",-23.6520726,-46.789662,São Paulo
"Estrada Campo Limpo, Do, 3000, Vila Prel, São Paulo, São Paulo",-23.3454526,-46.8424578,Cajamar
"Rua Cav Nami Jafet, 145, Centro, Guarujá, São Paulo",-23.99306,-46.25639,Guarujá
"Rua Pedro Bassi, 499, Santo Antonio, Louveira, São Paulo",-23.086188,-46.9817512,Louveira
"Rua Francisco De Paula Ribeiro, 264, Estuario, Santos, São Paulo",-23.9687118,-46.3033049,Santos
"Rua Carnot, 388, Pari, São Paulo, São Paulo",-23.5314722,-46.622215,São Paulo
"Rua Doutor Jose Higino, 111, Vila Oratorio, São Paulo, São Paulo",-23.5686126,-46.5793677,São Paulo
"Estrada Municipal Maria Da Conceicao Baptista, 35, Cachoeira Baixo, Piracaia, São Paulo",-23.060736,-46.3671408,Piracaia
"Avenida Salvador Markowicz, 339, Lagos De Santa Helena, Bragança Paulista, São Paulo",-22.9806161,-46.5299192,Bragança Paulista
"Avenida Independencia, 278, Rocio, Cananéia, São Paulo",-25.0069457,-47.9313292,Cananéia
"Rua Deputado Gouveia Franco, 3, Parque Mandaqui, São Paulo, São Paulo",-23.5475,-46.63611,São Paulo
"Rua Andarai, 630, Vila Maria, São Paulo, São Paulo",-23.5226024,-46.5900265,São Paulo
"Avenida Adutora, 80, Jardim Nova Poá, Poá, São Paulo",-23.5554671,-46.3460464,Poá
"Avenida Marechal Tito, 6829, Itaim Paulista, São Paulo, São Paulo",-23.4927223,-46.3885539,São Paulo
"Avenida São Jorge, 923, Vila Mirim, Praia Grande, São Paulo",-24.00583,-46.40278,Praia Grande
"Rua Muniz De Souza, 918, Aclimação, São Paulo, São Paulo",-23.5708485,-46.627986,São Paulo
"Rua Holandesa, 150, Cidade Jardim Cumbica (Jardim, Guarulhos, São Paulo",-23.46278,-46.53333,GUARULHOS
"Rua Guaraita, 6, Sao Miguel Paulista, São Paulo, São Paulo",-23.493,-46.43646,São Paulo
"Rua Joao Puga Bertini, 12, Terra Preta, Mairiporã, São Paulo",-23.24389,-46.55222,Mairiporã
"Rua Antonio Joaquim Leme, 2, Vila Prudente De Moraes, Itu, São Paulo",-23.285001,-47.2893848,Itu
"Rua Atlantica, 230, Jardim Do Mar, São Bernardo Do Campo, São Paulo",-23.6910052,-46.5552196,São Bernardo do Campo
"Rua Desembargador Isnard Dos Reis, 1246, Cidade Kemel, São Paulo, São Paulo",-23.50861,-46.35583,Poá
"Avenida Professor José Munhoz, 685, Jardim Munhoz, Guarulhos, São Paulo",-23.46278,-46.53333,GUARULHOS
"Rua Cecilia Meireles, 537, Jardim Japao, São Paulo, São Paulo",-23.5118251,-46.5797465,São Paulo
"Avenida Alfredo André, 905, Jardim Brasil, Atibaia, São Paulo",-23.11694,-46.55028,Atibaia
"Rua Adolfo Andre, 100, Centro, Atibaia, São Paulo",-23.1129611,-46.5554752,Atibaia
"Avenida Prefeito Antonio J.Toledo Garcia Lopes, 1525, Jd.Das Cerejeiras, Atibaia, São Paulo",-23.11694,-46.55028,Atibaia
"Avenida Da Saudade, 61, Centro, Atibaia, São Paulo",-23.1159954,-46.5492865,Atibaia
"Avenida Padre Antônio José Dos Santos, 296, Cidade Monções, São Paulo, São Paulo",-20.85028,-50.09167,Monções
"Rua Jose Oliva Melo, 85, Centro, Biritiba-Mirim, São Paulo",-23.5731197,-46.0391715,Biritiba Mirim
"Avenida Diederichsen, 1277, Vila Guarani, São Paulo, São Paulo",-23.6332458,-46.6371398,São Paulo
"Rua Almeida Torres, 428, Aclimacao, São Paulo, São Paulo",-23.569768,-46.6262303,São Paulo
"Rua Antonio Baracal, 561, Morrinhos I, Guarujá, São Paulo",-23.9611553,-46.2525505,Guarujá
"Praça Dicran Echrefian, 12, Presidente Altino, Osasco, São Paulo",-23.5325,-46.79167,Osasco
"Avenida Rudge, 500, Bom Retiro, São Paulo, São Paulo",-23.523624,-46.6500239,São Paulo
"Rua Japão, 37, Jd.Imperial, Atibaia, São Paulo",-23.11694,-46.55028,Atibaia
"Avenida São João, 1115, Centro, Atibaia, São Paulo",-23.1132246,-46.5569782,Atibaia
"Rua Marechal Argolo Ferrao, 413, Vila Sabrina, São Paulo, São Paulo",-23.48663,-46.56651,São Paulo
"Rua Presidente Wenceslau Brás, 335, São Vicente, Mauá, São Paulo",-23.66778,-46.46139,Mauá
"Rua Padre Adelino, 685, Belém, São Paulo, São Paulo",-23.5439803,-46.5838146,São Paulo
"Rua Benedito Fernandes, 270, Santo Amaro, São Paulo, São Paulo",-23.6610006,-46.7093906,São Paulo
"Avenida Tucunare, 80, Tambore, Barueri, São Paulo",-23.51056,-46.87611,Barueri
"Rua Magali Wassel, 25, Jardim Itacolomi, Itapevi, São Paulo",-23.54889,-46.93417,Itapevi
"Avenida Doutor Ermilindo Maffei, 1199, Sao Luiz, Itu, São Paulo",-23.26417,-47.29917,Itu
"Avenida Padre Anchieta, 1821, Stella Maris, Peruíbe, São Paulo",-24.32,-46.99833,Peruíbe
"Rua Joao Amos Comenius, 417, Jardim Sao Bernardo, São Paulo, São Paulo",-23.7577354,-46.70655,São Paulo
"Avenida Nove De Julho, 600, Vila Padre Bento, Itu, São Paulo",-23.2558383,-47.3125982,Itu
"Rua Lisa Ansorge, 27, Prque São Lucas, São Paulo, São Paulo",-23.6038195,-46.5381379,São Paulo
"Avenida Cassiano Ricardo, 1993, Jardim Alvorada, São José Dos Campos, São Paulo",-23.2243586,-45.9118091,São José dos Campos
"Rua Nello Bacci, 121, Tanque, Atibaia, São Paulo",-23.0445236,-46.5692836,Atibaia
"Rua Jaci, 60, Jd Do Lago, Atibaia, São Paulo",-23.11694,-46.55028,Atibaia
"Avenida Dos Imigrantes, 2400, Jardim America, Bragança Paulista, São Paulo",-22.9521237,-46.546414,Bragança Paulista
"Rua Antonio Cunha Leite, 2458, Portao, Atibaia, São Paulo",-23.2058183,-46.5886085,Atibaia
"Avenida Santana, 2813, Nova Gardenia, Atibaia, São Paulo",-23.11694,-46.55028,Atibaia
"Rodovia Raposo Tavares, 23033, Granja Viana, Cotia, São Paulo",-23.598486,-46.8560025,Cotia
"Avenida Doutor Ermelindo Maffei, 1199, Sao Luiz, Itu, São Paulo",-23.2642243,-47.280937,Itu
"Rua Barretos, 251, Mooca, São Paulo, São Paulo",-23.5631412,-46.5851009,São Paulo
"Estrada Do Copiuva, 1985, Vila Da Oportunidade, Carapicuíba, São Paulo",-23.5539916,-46.8262051,Carapicuíba
"Avenida Carlos Lacerda, 2170, Pirajussara, São Paulo, São Paulo",-23.5475,-46.63611,São Paulo
"Avenida Dr. Ermelindo Maffei, 734, Sao Luiz, Itu, São Paulo",-23.2645744,-47.2828289,Itu
"Rua Augusto Carlos Bauman, 980, Itaquera, São Paulo, São Paulo",-23.5336081,-46.4495633,São Paulo
"Avenida Maranhao, 235, Parque Paraíso, Itapecerica Da Serra, São Paulo",-23.7106842,-46.8581897,Itapecerica da Serra
"Rua Joao Da Cruz E Sousa, 5, Jardim Das Rosas, São Paulo, São Paulo",-23.597507,-46.430098,SAO PAULO
"Rodovia Engenheiro Rene Benedito Da Silva, 668, Sao Joao, Itapevi, São Paulo",-23.54889,-46.93417,Itapevi
"Avenida Carmine Gragnano, 798, Centro, Jandira, São Paulo",-23.5266948,-46.8948766,Jandira
"Rua Dolores De Aquino, 1925, Jundiapeba, Mogi Das Cruzes, São Paulo",-23.5453399,-46.2583235,Mogi das Cruzes
"Avenida Cassiano Ricardo, 401, Pq. Residencial Aquarius, São José Dos Campos, São Paulo",-23.2157301,-45.9094568,São José dos Campos
"Avenida Doutor Adhemar De Barros, 563, Jd.Sao Dimas, São José Dos Campos, São Paulo",-23.1953942,-45.8909157,São José dos Campos
"Avenida 24A, 303, Vila Alema, Rio Claro, São Paulo",-22.41139,-47.56139,Rio Claro
"Rua Tito Oliani, 1010, Sao Joao Climaro, São Paulo, São Paulo",-23.5475,-46.63611,São Paulo
"Avenida Das Nacoes Unidas, 13947, Vila Gertrudes, São Paulo, São Paulo",-23.34969,-46.74632,Caieiras
"Avenida Do Vaticano, 39, Jd João Xxiii, São Paulo, São Paulo",-23.5475,-46.63611,São Paulo
"Rua Francisco Inacio Solano, 445, Cantinho Do Ceu, São Paulo, São Paulo",-23.7424958,-46.6618167,São Paulo
"Avenida Santa Marina, 2459, Vila Albertina, São Paulo, São Paulo",-23.5475,-46.63611,São Paulo
"Rua Edna Ferber, 359, Parque Belem, São Paulo, São Paulo",-23.4650898,-46.6842514,São Paulo
"Rua Marilia, 60, Vila Hortolandia, Jundiaí, São Paulo",-23.169235,-46.909441,Jundiaí
"Avenida Dos Imigrantes Italianos, 1973, Colonia, Jundiaí, São Paulo",-23.1882135,-46.8563349,Jundiaí
"Rua Maranhao, 256, Jacaré, Cabreúva, São Paulo",-23.2495822,-47.0561778,Cabreúva
"Rua Otavio Rodrigues Barbosa, 219, Vila Romanopolis, Ferraz De Vasconcelos, São Paulo",-23.541155,-46.365145,Ferraz de Vasconcelos
"Avenida Matheus Conegero, 170, Pq. Bela Vista, Votorantim, São Paulo",-23.5424384,-47.4636011,Votorantim
"Avenida Nagib Farah Maluf, 100, Conj.Jose Bonifacio/Cohab Ii, São Paulo, São Paulo",-23.5386385,-46.4308871,São Paulo
"Avenida Ragueb Chohfi, 7001, Jardim Tres Marias, São Paulo, São Paulo",-23.5475,-46.63611,São Paulo
"Rua Aricá -  Mirim, 63, Vila São Francisco, São Paulo, São Paulo",-23.5245532,-46.4917133,São Paulo
"Avenida Renata, 346, Chacara Belenzinho, São Paulo, São Paulo",-23.5733062,-46.5413423,São Paulo
"Rua Agenor De Barros, 211, Vila Ponte Rasa, São Paulo, São Paulo",-23.5088206,-46.4894631,São Paulo
"Avenida Arquiteto Vilanova Artigas, 132, Conj Habit. Teotonio Vilela, São Paulo, São Paulo",-23.6133707,-46.5009539,São Paulo
"Avenida Cangaiba, 1659, Cangaiba, São Paulo, São Paulo",-23.5087736,-46.5389309,São Paulo
"Estrada Da Ligação, 281, Jd.Monte Verde, São Paulo, São Paulo",-23.5475,-46.63611,São Paulo
"Avenida Ragueb Chohfi, 4831, Jardim Iguatemi, São Paulo, São Paulo",-23.5944434,-46.4386057,São Paulo
"Avenida Vereador Abel Ferreira, 2022, Chacara Mafalda, São Paulo, São Paulo",-23.5475,-46.63611,São Paulo
"Rua Joao Ferrara, 233, Jd. Cica, Jundiaí, São Paulo",-23.2054072,-46.8829113,Jundiaí
"Rua Romeu Seckler Machado, 105, Parque Eloy Chaves, Jundiaí, São Paulo",-23.18639,-46.88417,Jundiaí
"Rua Hisaschi Nagaoka, 3595, Jardim São Vicente, Jundiaí, São Paulo",-23.1451635,-46.9157263,Jundiaí
"Avenida Antônio Frederico Ozanan, 6001, Vila Rio Branco, Jundiaí, São Paulo",-23.172492,-46.8916714,Jundiaí
"Rua Maria José Rodrigues, 90, Jd.Santa Lucia, Campo Limpo Paulista, São Paulo",-23.2104628,-46.7946342,Campo Limpo Paulista
"Avenida Duque De Caxias, 2395, Jd Promeca, Várzea Paulista, São Paulo",-23.21139,-46.82833,Várzea Paulista
"Avenida Fernao Dias Paes Leme, 2211, Centro, Várzea Paulista, São Paulo",-23.21139,-46.82833,Várzea Paulista
"Avenida Jose Tonoli, 336, Centro, Itupeva, São Paulo",-23.15306,-47.05778,Itupeva
"Avenida Osmundo Dos Santos Pellegrini, 1000, Recanto Quarto Centenario, Jundiaí, São Paulo",-23.1837581,-46.9154477,Jundiaí
"Avenida Bertioga, S/N, Vila Tupi, Várzea Paulista, São Paulo",-23.220093,-46.8402839,Várzea Paulista
"Rua Bom Jesus De Pirapora, 2881, Vila Rami, Jundiaí, São Paulo",-23.2200889,-46.8790223,Jundiaí
"Rua Demerson Gomes Romano, 386, Centro, Francisco Morato, São Paulo",-23.2868804,-46.7419955,Francisco Morato
"Rua Coronel Nogueira Padilha, 2112, Vila Hortencia, Sorocaba, São Paulo",-23.50167,-47.45806,Sorocaba
"Rua Orlandia, 47, Parque Luiza, Embu Das Artes, São Paulo",-23.64889,-46.85222,Embu das Artes
"Rua Barao De Tatui, 1368, Jardim Vergueiro, Sorocaba, São Paulo",-23.50167,-47.45806,Sorocaba
"Avenida Nossa Senhora Da Lapa, 22, Vila Nova, Cubatão, São Paulo",-23.895,-46.42528,Cubatão
"Rua Jorge Zolner, 95, Centro, Jundiaí, São Paulo",-23.18639,-46.88417,Jundiaí
"Avenida Doutor Olavo Guimaraes, 253, Vila Arens, Jundiaí, São Paulo",-23.1971918,-46.8745837,Jundiaí
"Rua Do Retiro, 925, Vila Virginia, Jundiaí, São Paulo",-23.1865399,-46.8985646,Jundiaí
"Rua Campina Grande, 383, Rochdale, Osasco, São Paulo",-23.5149297,-46.7782849,Osasco
"Estrada Campo Limpo, Do, 6433, Pirajussara, São Paulo, São Paulo",-23.5475,-46.63611,São Paulo
"Rua Pio Xii, 82, Saboo, Santos, São Paulo",-23.932779,-46.3468543,Santos
"Avenida Pref. Jorge Francisco Correia Allen, 575, Centro, Poá, São Paulo",-23.52806,-46.34472,Poá
"Avenida Itaquera, 6735, Cidade Lider, São Paulo, São Paulo",-23.5542277,-46.4832701,São Paulo
"Rua Joaquim Floriano, 254, Itaim Bibi, São Paulo, São Paulo",-23.5838463,-46.672325,São Paulo
"Avenida Quatorze De Dezembro, 2333, Vila Mafalda, Jundiaí, São Paulo",-23.2119361,-46.8743426,Jundiaí
"Rodovia Vereador Geraldo Dias, S/N, Parque Centenario, Jundiaí, São Paulo",-23.1450553,-46.9148271,Jundiaí
"Rua Treze De Maio, 1050, Vila Olivo, Valinhos, São Paulo",-22.9703943,-46.9959798,Valinhos
"Rua Guilherme Briviglieri, 203, Pq. Vitoria Regia, Sorocaba, São Paulo",-23.4262169,-47.4507064,Sorocaba
"Rua Benedito Araujo Novaes, 552, Jardim Paulista, Itapevi, São Paulo",-23.5539135,-46.9384916,Itapevi
"Rua Paulo Soares, 509, Jardim Santo Antonio, Osasco, São Paulo",-23.5583958,-46.79401,Osasco
"Rua Professora Adelaide Escobar Bueno, 397, Munhoz Junior, Osasco, São Paulo",-23.4982773,-46.8038889,Osasco
"Rua Jose Luiz Leme Maciel, 68, Jordanesia, Cajamar, São Paulo",-23.335462,-46.8284617,Cajamar
"Avenida Rodrigues Montemor, 253, Americanópolis, São Paulo, São Paulo",-23.5475,-46.63611,São Paulo
"Avenida Professor Castro Junior, 363, Vila Sabrina, São Paulo, São Paulo",-23.4957893,-46.5757236,São Paulo
"Rua Luiz De Vasconcelos, 127, Jardim Marilen, Diadema, São Paulo",-23.68611,-46.62278,Diadema
"Rua Ofelia Alves Ferreira, 60, Jardim Yaya, Carapicuíba, São Paulo",-23.5564628,-46.8342566,Carapicuíba
"Rua Coronel Nogueira Padilha, 1273, Vila Hortencia, Sorocaba, São Paulo",-23.50167,-47.45806,Sorocaba
"Rua Dr. Vicente De Carvalho, 120, Ocian, Praia Grande, São Paulo",-24.00583,-46.40278,Praia Grande
"Praça Nossa Senhora Aparecida, 275, Jardim Vila Galvao, Guarulhos, São Paulo",-23.4661663,-46.5594452,Guarulhos
"Avenida Capitão Francisco Cesar, 1217, Engenho Novo, Barueri, São Paulo",-23.51056,-46.87611,Barueri
"Avenida Brigadeiro Luis Antonio, 3300, Jd.Paulista, São Paulo, São Paulo",-23.5742361,-46.6560882,São Paulo
"Avenida Dos Latinos, 738, Jardim Santa Teresinha, São Paulo, São Paulo",-23.5728247,-46.4987755,São Paulo
"Rua Paulo Andrighetti, 470, Pari, São Paulo, São Paulo",-23.5263346,-46.6061665,São Paulo
"Avenida Pietro Petri, 382, Terra Preta, Mairiporã, São Paulo",-23.2613941,-46.5886899,Mairiporã
"Avenida Otto Baumgart, 27, Vila Guilherme, São Paulo, São Paulo",-23.511968,-46.6159879,São Paulo
"Rua Capricornio, 667, Parque Santana, Santana De Parnaíba, São Paulo",-23.4772118,-46.8925865,Santana de Parnaíba
"Rua Jarbas Salles D Avila, 438, Jardim D'Avila, Osasco, São Paulo",-23.5032364,-46.7671773,Osasco
"Avenida Dos Autonomistas, 451, Vl.Yara, Osasco, São Paulo",-23.5267853,-46.7961639,Osasco
"Avenida Dr. Fernando Costa, 282, Centro, Cajati, São Paulo",-24.73611,-48.12278,Cajati
"Avenida Miguel De Araujo, 182, Porto Cubatão, Cananéia, São Paulo",-24.97232,-47.94529,Cananéia
"Rua Vereador Aecio Gauglitz, 261, Vila Palmira, Pariquera-Açu, São Paulo",-24.7156367,-47.8735194,Pariquera-Açu
"Avenida Milton Da Rocha, 291, Vila Sabrina, São Paulo, São Paulo",-23.489062,-46.5744038,São Paulo
"Rua Conego Valadao, 1143, Gopouva, Guarulhos, São Paulo",-23.4737032,-46.5448854,Guarulhos
"Rua Maestro Ezequias Nardy, 39, Jd. Padre Bento, Itu, São Paulo",-23.26417,-47.29917,Itu
"Rua Domingos De Morais, 286, Vila Mariana, São Paulo, São Paulo",-23.5796817,-46.6404127,São Paulo
"Rua Da Prata, 349, Jardim Dos Camargos, Barueri, São Paulo",-23.5025874,-46.8674979,Barueri
"Rua Miguel Rodrigues, 62, Vila Madalena, São Paulo, São Paulo",-21.06667,-50.93333,Lavínia
"Rua Romeu Do Nascimento, 235, Jardim Portal Da Colina, Sorocaba, São Paulo",-23.518594,-47.4617053,Sorocaba
"Alameda Colibri, 64, Morada Dos Passaros, Barueri, São Paulo",-23.4953736,-46.9513761,Barueri
"Rua Angelo Alberto Nesti, 216, Jardim Helena, Osasco, São Paulo",-23.5325,-46.79167,Osasco
"Rua Americo Vespucio, 12, Parque Imperial, Barueri, São Paulo",-23.4804833,-46.8052982,Barueri
"Avenida Irmãos Adorno, 449, Sítio Do Campo, Praia Grande, São Paulo",-24.00583,-46.40278,Praia Grande
"Rua Jose Luiz Flaquer, 291, Eden, Sorocaba, São Paulo",-23.4175869,-47.4157972,Sorocaba
"Rua Dolores De Aquino, 640, Jundiapeba, Mogi Das Cruzes, São Paulo",-23.54629,-46.2499707,Mogi das Cruzes
"Praça Da Independencia, 31, Centro, Itu, São Paulo",-23.2646325,-47.2972233,Itu
"Rua Odair Muller De Azevedo Marques, 141, Vila Margarida, São Vicente, São Paulo",-23.96306,-46.39194,São Vicente
"Rua 15 De Novembro, 735, Centro, Pedreira, São Paulo",-23.4917837,-46.3435262,Itaquaquecetuba
"Rua Benedito Egídio Barbosa, 11, Vila Brasilândia, São Paulo, São Paulo",-23.4598445,-46.6986945,São Paulo
"Avenida Doutor Januario Miraglia, 608, Vila Jaguaribe, Campos Do Jordão, São Paulo",-22.7437125,-45.5964598,Campos do Jordão
"Avenida Prof. Fco . Morato, 946, V Sonia, São Paulo, São Paulo",-23.5475,-46.63611,São Paulo
"Avenida Francisco De Almeida, 208, Pouso Alegre, Piracaia, São Paulo",-23.0492139,-46.343872,Piracaia
"Rua Alcantara, 805, Vila Maria, São Paulo, São Paulo",-23.5227677,-46.5924086,São Paulo
"Avenida Quarentenario, 310, Jardim Irma Dolores, São Vicente, São Paulo",-23.96306,-46.39194,São Vicente
"Rua Maria Candida Teixeira Lacerda, 615, Vila Veloso, Carapicuíba, São Paulo",-23.52272,-46.835,Carapicuíba
"Rua Itibere Da Cunha, 159, Samambaia, Praia Grande, São Paulo",-24.0327245,-46.5256038,Praia Grande
"Rua Santos Dumont, 205, Estuario, Santos, São Paulo",-23.96083,-46.33361,Santos
"Avenida Engenheiro George Corbisier, 273, Jabaquara, São Paulo, São Paulo",-23.6392403,-46.6419503,São Paulo
"Avenida 24 De Dezembro, 560, Estação, Peruíbe, São Paulo",-24.32,-46.99833,Peruíbe
"Rua Batista Cepelos, 25, Centro, Cotia, São Paulo",-23.60389,-46.91917,Cotia
"Rua Julio Ribeiro, 243, Bras, São Paulo, São Paulo",-23.5372628,-46.6197338,São Paulo
"Rua Santo Antonio, 569, Bela Vista, São Paulo, São Paulo",-23.3731639,-45.6717908,Paraibuna
"Rua Santo Antonio, 543, Bela Vista, São Paulo, São Paulo",-23.3731639,-45.6717908,Paraibuna
"Rua Vicente Celestino, 184, Parque Mirante Da Mata, Cotia, São Paulo",-23.6176627,-46.9548532,Cotia
"Estrada Da Agua Espraiada, 2713, Chac.Tropical (Caucaia Alto), Cotia, São Paulo",-23.60389,-46.91917,Cotia
"Avenida Nossa Senhora Do Carmo, 2058, Carmo Messias, Ibiúna, São Paulo",-23.741308,-47.0546442,Ibiúna
"Rua Casper Libero, 491, Pauliceia, São Bernardo Do Campo, São Paulo",-23.6673537,-46.5941037,São Bernardo do Campo
"Rua Quinze De Piracicaba, 19, Jardim Sandra, Cotia, São Paulo",-23.60389,-46.91917,Cotia
"Avenida Doutor Bernardino De Campos, 446, Campo Grande, Santos, São Paulo",-23.9608123,-46.3383508,Santos
"Avenida Assembleia, 16, Jardim Miriam, São Paulo, São Paulo",-23.5475,-46.63611,São Paulo
"Rua Duilio, 636, Agua Branca, São Paulo, São Paulo",-23.5254777,-46.6931616,São Paulo
"Rua Jose Manoel De Almeida, 669, Jd. Europa, Vargem Grande Paulista, São Paulo",-21.83222,-46.89361,Vargem Grande do Sul
"Avenida Tenente Marques, 4131, Ipes (Polvilho), Cajamar, São Paulo",-23.4094528,-46.8418675,Cajamar
"Avenida Mascote, 429, Vila Mascote, São Paulo, São Paulo",-23.6486173,-46.6656941,São Paulo
"Estrada Fazenda Sao Joaquim, 29, Vila Ota, Rio Grande Da Serra, São Paulo",-23.747989,-46.3746945,Rio Grande da Serra
"Avenida Gregorio Bezerra, 400, Jardim Iv Centenário, São Paulo, São Paulo",-23.7066222,-46.6876047,São Paulo
"Rua Bela Vista, 54, Jardim Prainha, São Paulo, São Paulo",-23.1979389,-46.8131823,Várzea Paulista
"Rua Benedito Pereira Goulart, 282, Centro, São Bento Do Sapucaí, São Paulo",-22.68889,-45.73083,São Bento do Sapucaí
"Rua Adelio Pazinatto, 251, Jardim Aeroporto I, Itu, São Paulo",-23.26417,-47.29917,Itu
"Avenida Nascer Do Sol, 658, Conjunto Habitacional Santa Et, São Paulo, São Paulo",-22.0,-49.0,Iacanga
"Avenida Nacoes, Das, 1600, Parque Novo Oratorio, Santo André, São Paulo",-23.6408129,-46.4989662,Santo André
"Rua Joao De Camargo, 352, Pq Res Novo Mundo, Boituva, São Paulo",-23.2628736,-47.6716318,Boituva
"Rua Lino Pinto Dos Santos, 22, Jardim Felicidade, São Paulo, São Paulo",-23.496228,-46.726804,SAO PAULO
"Avenida Caraita, 194, Centro, Eldorado, São Paulo",-24.52,-48.10806,Eldorado
"Rua Alvaro Do Vale, 412, Ipiranga, São Paulo, São Paulo",-23.5988682,-46.5962176,São Paulo
"Avenida Deputado Emilio Carlos, 1129, Limão, São Paulo, São Paulo",-23.496022,-46.6772285,São Paulo
"Via Rodovia Prefeito Quintino De Lima Km 6, Sn, Canguera, São Roque, São Paulo",-23.605259,-47.165196,SAO ROQUE
"Avenida Do Café, 156, Vila Guarani, São Paulo, São Paulo",-23.635652,-46.6399683,São Paulo
"Rua Lagoa Seca, 660, Jardim Triunfo, Guarulhos, São Paulo",-23.41433,-46.4037699,Guarulhos
"Rua Andrelino Jose Pedroso, 181, Cerrado, Sorocaba, São Paulo",-23.50167,-47.45806,Sorocaba
"Avenida Lico Maia, 552, Cerraria, Diadema, São Paulo",-23.6992148,-46.6104069,Diadema
"Avenida Jose Barbosa De Siqueira, 1026, Jardim Padroeira I, Osasco, São Paulo",-23.5490857,-46.8086203,Osasco
"Avenida Laurita Ortega Mari, 1973, Pq. Pinheiros, Taboão Da Serra, São Paulo",-23.6288874,-46.7824264,Taboão da Serra
"Rua Manicoba, 880, Jardim Umarizal, São Paulo, São Paulo",-23.5475,-46.63611,São Paulo
"Rua Sebastião Ribeiro, 28, Jardim Sta.Lucia-Capão Redondo, São Paulo, São Paulo",-23.6629,-47.6209,Salto de Pirapora
"Rua Inacio Cervantes, 1199, Parque Ipê, São Paulo, São Paulo",-23.5937742,-46.7971128,São Paulo
"Rua Mourato Coelho, 1458, Pinheiros, São Paulo, São Paulo",-23.5554328,-46.6928898,São Paulo
"Rua Rodrigo Fernandes, Lt 21, Jd. Santa Paula, Guarulhos, São Paulo",-23.46278,-46.53333,GUARULHOS
"Rua Dr.Luiz Mendes De Almeida, 527, Largo Do Divino, Sorocaba, São Paulo",-23.50167,-47.45806,Sorocaba
"Avenida Brasilia, 581, Campanário, Diadema, São Paulo",-23.6682373,-46.6185895,Diadema
"Rua Paraguacu, 544, Perdrizes, São Paulo, São Paulo",-23.5338774,-46.6672178,São Paulo
"Rua Carlos Magalhaes, 283, Vila Andrade, São Paulo, São Paulo",-23.21725,-46.00151,Jacareí
"Rua José Antonio Nunes, 198, Jardim Henrique Boccolini, Juquitiba, São Paulo",-23.9333584,-47.0700715,Juquitiba
"Avenida Engenheiro Heitor Antonio Eiras Garcia, 5985, Jardim Esmeralda, São Paulo, São Paulo",-23.5916859,-46.7749208,São Paulo
"Avenida Paulo Ayres, 470, Parque Pinheiros, Taboão Da Serra, São Paulo",-23.6204209,-46.7853307,Taboão da Serra
"Rua Geraldo De Araujo Santos, 87, Jd.Beatriz, Taboão Da Serra, São Paulo",-23.6197473,-46.7716109,Taboão da Serra
"Rua Sebastiao Gregorini, 36, Centro, Juquitiba, São Paulo",-23.93167,-47.06833,Juquitiba
"Rua Fernão Dias, 579, Pinheiros, São Paulo, São Paulo",-23.5663331,-46.6954353,São Paulo
"Rua Firmino Martins, 10, Metalúrgicos, Osasco, São Paulo",-23.5325,-46.79167,Osasco
"Rua Secundino Domingues, 70, Vila Prudente, São Paulo, São Paulo",-23.58845,-46.5798,São Paulo
"Rua Conde Prates, 111, Mooca, São Paulo, São Paulo",-23.5664331,-46.5979351,São Paulo
"Avenida Raimundo Pereira De Magalhaes, 2541, Jardim Iris, São Paulo, São Paulo",-23.5475,-46.63611,São Paulo
"Rua Isabel Dias, 47, Alto Da Mooca, São Paulo, São Paulo",-23.55801,-46.59508,São Paulo
"Rua Manaias, 245, Vila Zelina, São Paulo, São Paulo",-23.5893222,-46.5760476,São Paulo
"Rua Jose Zappi, 57, Vila Prudente, São Paulo, São Paulo",-23.5806907,-46.5855316,São Paulo
"Rua Das Heras, 470, Vila Lucia, São Paulo, São Paulo",-23.5475,-46.63611,São Paulo
"Rua Azevedo Soares, 2700, Vila Gomes Cardim, São Paulo, São Paulo",-23.5482754,-46.563284,São Paulo
"Avenida Jose Machado Rosa, 384, Itatinga, São Sebastião, São Paulo",-23.8103485,-45.4142886,São Sebastião
"Avenida Octavio Augusto Rangel, 478, Jardim Toledo, Votorantim, São Paulo",-23.5256865,-47.4414441,Votorantim
"Rua Sao Miguel Do Tapuio, 49, Jardim Peri, São Paulo, São Paulo",-23.4536671,-46.6639692,São Paulo
"Rua Rola Cabocla, 462, Vila Cosmopolita, São Paulo, São Paulo",-23.562324,-46.4221435,São Paulo
"Avenida Alto Beni, 345, Vila Cosmopolita, São Paulo, São Paulo",-23.5475,-46.63611,São Paulo
"Rua Doutor Aaltino Arantes, 1014, Jd Guadalupe, Sorocaba, São Paulo",-23.50167,-47.45806,Sorocaba
"Estrada Dom Joao Neri, 2411, Jardim Bartira, São Paulo, São Paulo",-23.5475,-46.63611,São Paulo
"Rua Jequirituba, 2350, Jardim Castro Alves, São Paulo, São Paulo",-23.6879,-47.6693,Salto de Pirapora
"Rua Alberto Borges Soveral, 09, Pq.Novo Santo Amaro, São Paulo, São Paulo",-23.6924523,-46.7832438,São Paulo
"Rua Francisco Inacio Solano, 206, Cantinho Do Ceu, São Paulo, São Paulo",-23.7424958,-46.6618167,São Paulo
"Estrada Guavirutuba, 1199, Vila Bom Jardim, São Paulo, São Paulo",-24.18333,-47.61667,Juquiá
"Avenida Sapopemba, 1304, Vila Leme, São Paulo, São Paulo",-23.38083,-48.73085,Paranapanema
"Avenida Jardim Japao, 451, Jardim Brasil, São Paulo, São Paulo",-23.4861636,-46.5784059,São Paulo
"Avenida Dom Pedro Ii, 70, Jardim Imperial, Atibaia, São Paulo",-23.144885,-46.5797268,Atibaia
"Rua Padre Cicero Romao Batista, 234, Parque Imperial, Barueri, São Paulo",-23.4886307,-46.8133445,Barueri
"Rua Antonio Camardo, 700, Tatuapé, São Paulo, São Paulo",-23.5489677,-46.5607487,São Paulo
"Rua Dr. Nuno Silva, 220, Centro, Eldorado, São Paulo",-24.52,-48.10806,Eldorado
"Rua Francisco Toscano, 10, Parque Das Rosas, Itu, São Paulo",-23.2798294,-47.298724,Itu
"Rua Pio Xi, 2360, Lapa, São Paulo, São Paulo",-23.5406793,-46.7169032,São Paulo
"Rua Prefeito Antonio Garrido, 252, Jordanesia, Cajamar, São Paulo",-23.3362606,-46.8392834,Cajamar
"Avenida Fiorelli Peccicacco, 323, Vila Fanton, São Paulo, São Paulo",-23.4047725,-46.7411747,São Paulo
"Avenida Raimundo Pereira De Magalhaes, 12590, Pirituba, São Paulo, São Paulo",-23.4916534,-46.7322256,São Paulo
"Rua Thomaz Antonio Villani, 205, Vila Santa Maria, São Paulo, São Paulo",-23.00263,-49.89123,Ourinhos
"Avenida Mutinga, 2426, Pirituba, São Paulo, São Paulo",-23.4855633,-46.7459339,São Paulo
"Avenida Elisio Teixeira Leite, 1095, Vila Brasilandia, São Paulo, São Paulo",-23.4570932,-46.714201,São Paulo
"Rua Parapua, 1729, Itaberaba, São Paulo, São Paulo",-21.9278104,-50.7385646,Bastos
"Rua Dr. Heitor Do Nascimento, 30, Moinho Velho, São Paulo, São Paulo",-23.496633,-46.704758,SAO PAULO
"Rua Brilhante, 380, Jardim Mutinga, Osasco, São Paulo",-23.5051979,-46.7737941,Osasco
"Avenida Moacir Da Silveira, 1035, Jardim Isaura, Santana De Parnaíba, São Paulo",-23.4798612,-46.8921049,Santana de Parnaíba
"Rua Seraphin Gilberto Candello, 1519, Jd Sao Conrado, Indaiatuba, São Paulo",-23.08842,-47.2119,Indaiatuba
"Avenida Sapopemba, 7911, Jardim Adutora, São Paulo, São Paulo",-23.5968387,-46.5226399,São Paulo
"Rua Seriemas, Das, 550, Vila Mathiesen, Americana, São Paulo",-22.7679745,-47.3267778,Americana
"Via De Acesso Rod.Joao Bat.Furquim, 180, Rodeio, São Bento Do Sapucaí, São Paulo",-22.68889,-45.73083,São Bento do Sapucaí
"Rua Araritaguaba, 35, Vila Maria Alta, São Paulo, São Paulo",-23.5139012,-46.583372,São Paulo
"Rua Tapajós, 80, Centro, São Bernardo Do Campo, São Paulo",-23.6991131,-46.5502833,São Bernardo do Campo
"Rua Das Palmeiras, 278, Vila Buarque, São Paulo, São Paulo",-23.5475,-46.63611,São Paulo
"Rua Humberto I, 545, Vila Mariana, São Paulo, São Paulo",-23.5848574,-46.6421213,São Paulo
"Rua Ushima Kira, S/N, Granja Viana, Cotia, São Paulo",-23.5920398,-46.8348449,Cotia
"Praça Andre Nunes, 80, Vila Das Merces, São Paulo, São Paulo",-23.6307077,-46.6045437,São Paulo
"Rua Fenicia, 144, Parque Novo Oratório, Santo André, São Paulo",-23.6292226,-46.4987878,Santo André
"Rua Barao De Ladario, 312, Bras, São Paulo, São Paulo",-23.5393113,-46.6190086,São Paulo
"Avenida Sao Paulo, 247, Cidade Intercap, Taboão Da Serra, São Paulo",-23.6056227,-46.779056,Taboão da Serra
"Avenida Conselheiro Carrao, 1306, Vila Carrao, São Paulo, São Paulo",-23.5430969,-46.5476141,São Paulo
"Avenida Manoel Isidoro Martins, 1084, Cidade Martins, Guarulhos, São Paulo",-23.43149,-46.51214,Guarulhos
"Avenida Onze De Junho, 1049, Vila Clementino, São Paulo, São Paulo",-23.5475,-46.63611,São Paulo
"Rua Padre Leonardo, 419, Aeroporto, São Paulo, São Paulo",-23.5475,-46.63611,São Paulo
"Rua Emilia Pires, 365, Centro, Embu-Guaçu, São Paulo",-23.8294539,-46.8169557,Embu-Guaçu
"Rua Benedito Egidio Barbosa, 176, Brasilandia, São Paulo, São Paulo",-23.4598445,-46.6986945,São Paulo
"Avenida Itaberaba, 4418, Itaberaba, São Paulo, São Paulo",-23.474322,-46.668385,São Paulo
"Avenida Eulina, 145, Jardim Primavera, São Paulo, São Paulo",-23.1825,-46.5775,Atibaia
"Avenida Nova Cantareira, 3381, Tucuruvi, São Paulo, São Paulo",-23.47093,-46.617617,São Paulo
"Rua Luzia Eufrozina Soares Valverde, 18, Jardim Novo Mundo, Sorocaba, São Paulo",-23.50167,-47.45806,Sorocaba
"Avenida Conselheiro Carrao, 3.264, V Carrão, São Paulo, São Paulo",-23.5392496,-46.5535832,São Paulo
"Praça São Paulo, 97, Centro, Itupeva, São Paulo",-23.1521891,-47.0570231,Itupeva
"Rua João Sabio Gonçalves, 132, Jardim Ana Luiza, Itupeva, São Paulo",-23.1582683,-47.0422031,Itupeva
"Rua Silvio Benvegnu, 104, Santo Anonio, Louveira, São Paulo",-23.0890985,-46.975001,Louveira
"Avenida Francisco Nobre, 100, Medeiros, Jundiaí, São Paulo",-23.187837,-46.9845899,Jundiaí
"Rua Pedro Escobar, 619, Grajau, São Paulo, São Paulo",-23.752215,-46.6665395,São Paulo
"Rua Esmael Francisco Dos Santos, 190, Caraguava, Peruíbe, São Paulo",-24.32,-46.99833,Peruíbe
"Avenida Dr Tancredo De Almeida Neves, 2397, Cid.Balnearia Nova Peruibe, Peruíbe, São Paulo",-24.32,-46.99833,Peruíbe
"Rua Do Retiro, 2400, Vila Das Hortencias, Jundiaí, São Paulo",-23.1796942,-46.9056674,Jundiaí
"Rua Paim, 201, Bela Vista, São Paulo, São Paulo",-23.5544616,-46.6500849,São Paulo
"Avenida Antonio Pincinato, 21, Recanto Quarto Centenario, Jundiaí, São Paulo",-23.1838238,-46.9281076,Jundiaí
"Avenida Peruibe, 31, Balneario Sao Joao Batista 2, Peruíbe, São Paulo",-24.2999496,-46.9892214,Peruíbe
"Rua Remulo Zoppi, 505, Vila Georgina I, Indaiatuba, São Paulo",-23.0785522,-47.2069032,Indaiatuba
"Rua Theodoro Mantoanelli, 52, Itaici, Indaiatuba, São Paulo",-23.1070653,-47.182188,Indaiatuba
"Rua Indaias, Dos, 918, Santa Cruz, Indaiatuba, São Paulo",-23.08842,-47.2119,Indaiatuba
"Avenida Vereador Jose Donato, 1193, Vilarejo, Cabreúva, São Paulo",-23.2440302,-47.0573721,Cabreúva
"Avenida Casper Libero, 954, Jardim Santa Cruz, Salto, São Paulo",-23.20083,-47.28694,Salto
"Rua Carlos Sthal, 18, Residencial Monte Verde, Indaiatuba, São Paulo",-23.1047535,-47.2338758,Indaiatuba
"Rua Nicola Felice, 36, Parque Paraiso, Itapecerica Da Serra, São Paulo",-23.71694,-46.84917,Itapecerica da Serra
"Estrada Fazendinha, 281, Pousada Dos Bandeirantes, Carapicuíba, São Paulo",-23.52272,-46.835,Carapicuíba
"Rua Ercilia Martins Cruz, 207, Vila Nova Louveira, Louveira, São Paulo",-23.08639,-46.95056,Louveira
"Rua Benedita Dornellas Claro, 151, Vila Maria Alta, São Paulo, São Paulo",-23.5475,-46.63611,São Paulo
"Rua Eugenio Bosser, 18, Jardim Sapopemba, São Paulo, São Paulo",-23.59556,-46.52472,São Paulo
"Rua Cardon, 831, Vila Progresso (Zona Leste), São Paulo, São Paulo",-23.5475,-46.63611,São Paulo
"Rua Baltazar Borges (Jd Lavínia), 15, Assunção, São Bernardo Do Campo, São Paulo",-23.69389,-46.565,São Bernardo do Campo
"Rua Louveira, 541, Jardim Marilena, Guarulhos, São Paulo",-23.423113,-46.4937482,Guarulhos
"Rua Das Rosas, 495, Mirandópolis, São Paulo, São Paulo",-23.6061623,-46.6415406,São Paulo
"Avenida Presidente Juscelino, 333, Piraporinha, Diadema, São Paulo",-23.6830194,-46.5922176,Diadema
"Rua Otavio Tarquinio De Souza, 268, Aeroporto, São Paulo, São Paulo",-23.5475,-46.63611,São Paulo
"Rua Arbela, 1004, Cidade Antonio Estevao De Carv, São Paulo, São Paulo",-23.5258595,-46.4698864,São Paulo
"Avenida Luís Stamatis, 431, Jaçanã, São Paulo, São Paulo",-23.4669058,-46.5811562,São Paulo
"Avenida São Jose Dos Campos, 262, Centro, Paraibuna, São Paulo",-23.3831094,-45.6650429,Paraibuna
"Rua Nossa Senhora Aparecida, 31, Vila Das Malvinas, Guarulhos, São Paulo",-23.4595654,-46.5081069,Guarulhos
"Avenida Cassiopeia, 591, Jardim Satelite, São José Dos Campos, São Paulo",-23.2298571,-45.8861203,São José dos Campos
"Avenida Lins De Vasconcelos, 733, Cambuci, São Paulo, São Paulo",-23.5734968,-46.6229475,São Paulo
"Rua Joaquim Severino Alves, 48, Vila Menk, Osasco, São Paulo",-23.4989217,-46.7711929,Osasco
"Rua Olavo Egidio, 534, Santana, São Paulo, São Paulo",-23.5002484,-46.6204722,São Paulo
"Avenida Ayrton Senna Da Silva, 450, Vila Jaquitibas, Campinas, São Paulo",-22.90556,-47.06083,Campinas
"Avenida Mazzei, 1209, Vila Mazzei, São Paulo, São Paulo",-23.4719455,-46.5994511,São Paulo
"Avenida José Herculano, 7040, Porto Novo, Caraguatatuba, São Paulo",-23.6946544,-45.4422191,Caraguatatuba
"Rua Arnaldo Rodrigues, 245, Vila Mateo Bei, São Vicente, São Paulo",-23.9659702,-46.4115062,São Vicente
"Avenida Comendador Dante Carraro, 576, Cidade Ariston Estela Azevedo, Carapicuíba, São Paulo",-23.5340401,-46.8534601,Carapicuíba
"Rua Itororó, 74, Jd. Paulista, São José Dos Campos, São Paulo",-23.17944,-45.88694,São José dos Campos
"Avenida Ricardo Bassoli Cezare, 1567, Jardim Das Bandeiras, Campinas, São Paulo",-22.9495493,-47.0928675,Campinas
"Rua Sete Lagos, 190, Chacaras Reunidas, São José Dos Campos, São Paulo",-23.2541491,-45.9313672,São José dos Campos
"Rua Lucila Da Rocha, 30, Casa Verde Media, São Paulo, São Paulo",-23.50342,-46.664454,SAO PAULO
"Avenida Raimundo Pereira De Magalhaes, 1600, Jd.Iris, São Paulo, São Paulo",-23.5059366,-46.7161322,São Paulo
"Rodovia Raposo Tavares, S/N, Centro, Votorantim, São Paulo",-23.54667,-47.43778,Votorantim
"Avenida Pavão, 61, Recanto Do Paraiso, São Paulo, São Paulo",-23.6083178,-45.3511302,Caraguatatuba
"Rua Joao Ribeiro De Barros, 1411, Vila Odim Antao, Sorocaba, São Paulo",-23.4707582,-47.4550598,Sorocaba
"Rua Claudio Manoel Da Costa, 43, Parque Imperial, Barueri, São Paulo",-23.4831217,-46.8053765,Barueri
"Rua Conselheiro Moreira De Barros, 240, Santana, São Paulo, São Paulo",-23.4965576,-46.6280895,São Paulo
"Rua Ubirajara, 274, Vila Gabriel, Sorocaba, São Paulo",-23.50167,-47.45806,Sorocaba
"Praça Das Professoras, 07, Cidade Ae Carvalho, São Paulo, São Paulo",-20.48333,-50.01667,Votuporanga
"Avenida General Penha Brasil, 1304, Vila Nova Cachoeirinha, São Paulo, São Paulo",-23.48442,-46.6586,São Paulo
"Praça 14 Bis, 26, Bela Vista, São Paulo, São Paulo",-23.5554462,-46.650081,São Paulo
"Avenida São Paulo, 88, Chácara Gaivota, São Paulo, São Paulo",-23.2195694,-47.9448753,Cesário Lange
"Avenida Dos Latinos, 1264, Jd. Santa Terezinha, São Paulo, São Paulo",-23.36667,-49.16667,Itaí
"Avenida Miro Atilio Peduzzi (4 A Divisao), 412, Tanque Caio, Ribeirão Pires, São Paulo",-23.6498005,-46.3663212,Ribeirão Pires
"Avenida Afonso Pena, 336, Macuco, Santos, São Paulo",-23.9593759,-46.3191609,Santos
"Estrada Mario Freitas Da Silva -Mato Dentro S/N, 5, Mato Dentro, Mairiporã, São Paulo",-23.2885142,-46.6311519,Mairiporã
"Rua Passaro Preto, 759, Vila Paulistania, São Paulo, São Paulo",-23.6422001,-45.4375369,Caraguatatuba
"Rua Delfino Facchina, 628, Americanopolis, São Paulo, São Paulo",-23.5475,-46.63611,São Paulo
"Rua Florianopolis, 247, Vila Ribeiropolis, Registro, São Paulo",-24.4989854,-47.8452091,Registro
"Estrada Canal Da Cocaia, 2832, Parque Residencial Cocaia, São Paulo, São Paulo",-23.738973,-46.666526,São Paulo
"Rua Mussi Jorge Antonio, 314, Jardim Amazonas, Suzano, São Paulo",-23.6483044,-46.3141634,Suzano
"Rua Sebastiao Moreira, 320, Parque Palmeiras, Suzano, São Paulo",-23.642015,-46.3254909,Suzano
"Avenida Engenheiro Armando De Arruda Pereira, 4.684, Vila Do Encontro, São Paulo, São Paulo",-23.6531957,-46.6369427,São Paulo
"Avenida Antonelo Da Messina, 1213, Sítio Do Piqueri, São Paulo, São Paulo",-23.4555826,-46.5899705,São Paulo
"Rua Osvaldo Ramos, 100, Parque Mikail, Guarulhos, São Paulo",-23.46278,-46.53333,GUARULHOS
"Rua Porto Alegre, 540, Rochdale, Osasco, São Paulo",-23.5119988,-46.779681,Osasco
